[
    {
     "sales order": 1232,
     "Process order": 6,
     "U_Product_Group_One": "Access Covers",
     "U_Product_Group_Two": "NULL",
     "U_Product_Group_Three": "NULL",
     "Issues": "Drawings"
    },
    {
     "sales order": 1233,
     "Process order": 7,
     "U_Product_Group_One": "Access Covers",
     "U_Product_Group_Two": "Access Boxes",
     "U_Product_Group_Three": "NULL",
     "Issues": "Fixings"
    },
    {
     "sales order": 1234,
     "Process order": 8,
     "U_Product_Group_One": "Consumables",
     "U_Product_Group_Two": "Access Boxes",
     "U_Product_Group_Three": "No Group",
     "Issues": "Drawings"
    },
    {
     "sales order": 1235,
     "Process order": 9,
     "U_Product_Group_One": "Consumables",
     "U_Product_Group_Two": "Access Cover",
     "U_Product_Group_Three": "NULL",
     "Issues": "Fixings"
    },
    {
     "sales order": 1236,
     "Process order": 10,
     "U_Product_Group_One": "Furniture",
     "U_Product_Group_Two": "bollard",
     "U_Product_Group_Three": "NULL",
     "Issues": "width"
    },
    {
     "sales order": 1237,
     "Process order": 12,
     "U_Product_Group_One": "Furniture",
     "U_Product_Group_Two": "Bollards",
     "U_Product_Group_Three": "coffin",
     "Issues": "sheet width"
    },
    {
     "sales order": 1238,
     "Process order": 13,
     "U_Product_Group_One": "Furniture",
     "U_Product_Group_Two": "Bollards",
     "U_Product_Group_Three": "Fixed",
     "Issues": "measurement"
    },
    {
     "sales order": 1239,
     "Process order": 14,
     "U_Product_Group_One": "Drianage",
     "U_Product_Group_Two": "Gullies",
     "U_Product_Group_Three": "NULL",
     "Issues": "measurement"
    },
    {
     "sales order": 1240,
     "Process order": 15,
     "U_Product_Group_One": "Drianage",
     "U_Product_Group_Two": "Gullies",
     "U_Product_Group_Three": "Commercial",
     "Issues": "Drawings"
    },
    {
     "sales order": 1241,
     "Process order": 16,
     "U_Product_Group_One": "Drianage",
     "U_Product_Group_Two": "Gullies",
     "U_Product_Group_Three": "Heavy Duty",
     "Issues": "Fixings"
    }
   ]