[
    {
        "PRODUCT": "Access Covers"
    },
    {
        "PRODUCT": "Consumables"
    },
    {
        "PRODUCT": "Drainage"
    },
    {
        "PRODUCT": "Furniture"
    },
    {
        "PRODUCT": "IGU's & Power Supply"
    },
    {
        "PRODUCT": "PRODUCT"
    },
    {
        "PRODUCT": "Intel Stock"
    },
    {
        "PRODUCT": "Keys & Accesories"
    },
    {
        "PRODUCT": "Machine Build"
    },
    {
        "PRODUCT": "Manholes"
    },
    {
        "PRODUCT": "NO PRODUCT"
    },
    {
        "PRODUCT": "Non Productive Time"
    },
    {
        "PRODUCT": "Process Waste Tanks"
    },
    {
        "PRODUCT": "Raw Material"
    },
    {
        "PRODUCT": "Service & Warranty"
    },
    {
        "PRODUCT": "Solids"
    },
    {
        "PRODUCT": "Solids / Contract"
    },
    {
        "PRODUCT": "ST"
    },
    {
        "PRODUCT": "Sub Contract"
    },
    {
        "PRODUCT": "Training"
    },
    {
        "PRODUCT": "Ventilation Grilles"
    }
]